"","a.a.seq","cont_all"
"1","E","2.47"
"2","V","2.73"
"3","Q","0"
"4","L","0"
"5","V","0"
"6","E","0"
"7","S","0.32"
"8","G","0"
"9","G","0"
"10","G","0"
"11","L","0"
"12","V","0"
"13","K","0"
"14","P","0"
"15","G","0"
"16","G","0"
"17","S","0"
"18","L","0"
"19","R","0.32"
"20","L","0.32"
"21","S","0.32"
"22","C","0"
"23","A","0"
"24","A","0.32"
"25","S","0.96"
"26","G","2.56"
"27","F","18.2"
"28","T","29.33"
"29","F","0.96"
"30","S","39.2"
"31","N","56.3"
"32","A","37.1"
"33","W","82.9"
"34","M","0"
"35","S","10.7"
"36","W","0"
"37","V","3.19"
"38","R","0"
"39","Q","0.32"
"40","A","0.32"
"41","P","0.32"
"42","G","0"
"43","K","0.32"
"44","G","0"
"45","L","0"
"46","E","0"
"47","W","22.9"
"48","V","0"
"49","G","0.32"
"50","R","63.1"
"51","I","22.3"
"52","K","53.1"
"53","S","30.3"
"54","K","11.43"
"55","T","26.47"
"56","D","37.9"
"57","G","31.1"
"58","G","19.6"
"59","T","35.9"
"60","T","24.9"
"61","D","47.4"
"62","Y","0.96"
"63","A","0"
"64","A","1.6"
"65","P","0.32"
"66","V","0"
"67","K","1.28"
"68","G","0.32"
"69","R","0"
"70","F","0"
"71","T","0.32"
"72","I","0"
"73","S","0"
"74","R","0.32"
"75","D","0.32"
"76","D","1.6"
"77","S","0.96"
"78","K","0.32"
"79","N","0.96"
"80","T","0.32"
"81","L","0"
"82","Y","0.32"
"83","L","0"
"84","Q","0"
"85","M","0"
"86","N","0"
"87","S","0"
"88","L","0"
"89","K","0"
"90","T","0"
"91","E","0"
"92","D","0"
"93","T","0.32"
"94","A","0"
"95","V","0.32"
"96","Y","0"
"97","Y","0.64"
"98","C","0"
"99","T","2"
"100","T","9.7"
"101","H","57"
"102","I","38"
"103","V","59.5"
"104","V","59.1"
"105","V","69.7"
"106","P","52.1"
"107","A","26.67"
"108","A","42.11"
"109","I","62.5"
"110","P","0"
"111","S","50"
"112","H","69.23"
"113","Y","82.61"
"114","Y","55.32"
"115","Y","91.5"
"116","Y","77.3"
"117","Y","80"
"118","G","7.7"
"119","M","8.3"
"120","D","19.3"
"121","V","2.56"
"122","W","1.6"
"123","G","0"
"124","Q","0"
"125","G","0"
"126","T","0"
"127","T","0.64"
"128","V","0"
"129","T","0.32"
"130","V","0"
"131","S","0"
"132","S","0"
