immh103MV2/immh103MV2cont_diff.csv:,a.a.seq,cont_all_dif
immh103MV2/immh103MV2cont_diff.csv:27,F,0.73
immh103MV2/immh103MV2cont_diff.csv:28,T,1.86
immh103MV2/immh103MV2cont_diff.csv:30,S,10.7
immh103MV2/immh103MV2cont_diff.csv:31,N,11.1
immh103MV2/immh103MV2cont_diff.csv:32,A,2.9
immh103MV2/immh103MV2cont_diff.csv:35,S,-3.1
immh103MV2/immh103MV2cont_diff.csv:52,K,4.7
immh103MV2/immh103MV2cont_diff.csv:56,D,1.8
immh103MV2/immh103MV2cont_diff.csv:57,G,3.7
immh103MV2/immh103MV2cont_diff.csv:59,T,11.3
immh103MV2/immh103MV2cont_diff.csv:60,T,2.6
immh103MV2/immh103MV2cont_diff.csv:103,D,2.2
immh103MV2/immh103MV2cont_diff.csv:104,I,8.3
immh103MV2/immh103MV2cont_diff.csv:105,V,5
immh103MV2/immh103MV2cont_diff.csv:106,V,2.5
immh103MV2/immh103MV2cont_diff.csv:122,W,-0.4
immh149MV5/immh149MV5cont_diff.csv:,a.a.seq,cont_all_dif
immh149MV5/immh149MV5cont_diff.csv:27,F,0.530000000000001
immh149MV5/immh149MV5cont_diff.csv:28,T,1.2
immh149MV5/immh149MV5cont_diff.csv:30,S,9.5
immh149MV5/immh149MV5cont_diff.csv:31,N,16.4
immh149MV5/immh149MV5cont_diff.csv:32,A,4.6
immh149MV5/immh149MV5cont_diff.csv:35,S,-4.2
immh149MV5/immh149MV5cont_diff.csv:52,S,6.09999999999999
immh149MV5/immh149MV5cont_diff.csv:54,D,0.399999999999999
immh149MV5/immh149MV5cont_diff.csv:55,G,2.6
immh149MV5/immh149MV5cont_diff.csv:57,N,11.2
immh149MV5/immh149MV5cont_diff.csv:58,K,2.7
immh149MV5/immh149MV5cont_diff.csv:101,F,3.3
immh149MV5/immh149MV5cont_diff.csv:102,V,8.09999999999999
immh149MV5/immh149MV5cont_diff.csv:103,A,5
immh149MV5/immh149MV5cont_diff.csv:104,V,1.60000000000001
immh149MV5/immh149MV5cont_diff.csv:121,W,-0.7
immh159MU5/immh159MU5cont_diff.csv:,a.a.seq,cont_all_dif
immh159MU5/immh159MU5cont_diff.csv:27,F,0.539999999999999
immh159MU5/immh159MU5cont_diff.csv:28,M,2.33
immh159MU5/immh159MU5cont_diff.csv:30,S,13.6
immh159MU5/immh159MU5cont_diff.csv:31,S,14.2
immh159MU5/immh159MU5cont_diff.csv:32,Y,2.8
immh159MU5/immh159MU5cont_diff.csv:35,N,-2.8
immh159MU5/immh159MU5cont_diff.csv:52,K,5.8
immh159MU5/immh159MU5cont_diff.csv:56,D,0.700000000000003
immh159MU5/immh159MU5cont_diff.csv:57,G,4.8
immh159MU5/immh159MU5cont_diff.csv:59,T,12.6
immh159MU5/immh159MU5cont_diff.csv:60,T,3.2
immh159MU5/immh159MU5cont_diff.csv:99,T,-0.1
immh159MU5/immh159MU5cont_diff.csv:103,F,5.2
immh159MU5/immh159MU5cont_diff.csv:104,L,10.6
immh159MU5/immh159MU5cont_diff.csv:105,R,8.7
immh159MU5/immh159MU5cont_diff.csv:106,A,2.2
immh159MU5/immh159MU5cont_diff.csv:123,W,-0.5
naih111/naih111cont_diff.csv:,a.a.seq,cont_all_dif
naih111/naih111cont_diff.csv:27,F,0.470000000000001
naih111/naih111cont_diff.csv:28,T,1.66
naih111/naih111cont_diff.csv:30,S,7.8
naih111/naih111cont_diff.csv:31,S,13
naih111/naih111cont_diff.csv:32,Y,4.2
naih111/naih111cont_diff.csv:35,H,-7.5
naih111/naih111cont_diff.csv:52,S,3.7
naih111/naih111cont_diff.csv:54,D,-0.199999999999996
naih111/naih111cont_diff.csv:55,G,3.2
naih111/naih111cont_diff.csv:57,N,8.2
naih111/naih111cont_diff.csv:58,K,2.1
naih111/naih111cont_diff.csv:101,L,3.60000000000001
naih111/naih111cont_diff.csv:102,D,4.90000000000001
naih111/naih111cont_diff.csv:103,V,5.2
naih111/naih111cont_diff.csv:104,V,2.40000000000001
naih111/naih111cont_diff.csv:122,W,-0.3
preh118/preh118cont_diff.csv:,a.a.seq,cont_all_dif
preh118/preh118cont_diff.csv:27,F,0.529999999999998
preh118/preh118cont_diff.csv:28,T,1.33
preh118/preh118cont_diff.csv:30,S,12
preh118/preh118cont_diff.csv:31,T,13.3
preh118/preh118cont_diff.csv:32,Y,2.1
preh118/preh118cont_diff.csv:35,H,-3.6
preh118/preh118cont_diff.csv:52,W,2
preh118/preh118cont_diff.csv:54,D,1
preh118/preh118cont_diff.csv:55,G,6.4
preh118/preh118cont_diff.csv:57,E,7.60000000000001
preh118/preh118cont_diff.csv:58,E,2.8
preh118/preh118cont_diff.csv:101,G,2.59999999999999
preh118/preh118cont_diff.csv:102,V,7.2
preh118/preh118cont_diff.csv:103,G,8.09999999999999
preh118/preh118cont_diff.csv:104,G,2.09999999999999
preh118/preh118cont_diff.csv:124,W,-0.7
preh119/preh119cont_diff.csv:,a.a.seq,cont_all_dif
preh119/preh119cont_diff.csv:27,F,1.07
preh119/preh119cont_diff.csv:28,T,2.34
preh119/preh119cont_diff.csv:30,S,10.9
preh119/preh119cont_diff.csv:31,N,13.3
preh119/preh119cont_diff.csv:32,A,3.7
preh119/preh119cont_diff.csv:35,S,-2.3
preh119/preh119cont_diff.csv:52,K,4.5
preh119/preh119cont_diff.csv:56,D,0.600000000000001
preh119/preh119cont_diff.csv:57,G,2.7
preh119/preh119cont_diff.csv:59,T,8.8
preh119/preh119cont_diff.csv:60,T,2.7
preh119/preh119cont_diff.csv:99,T,-0.1
preh119/preh119cont_diff.csv:103,V,3.3
preh119/preh119cont_diff.csv:104,V,5.6
preh119/preh119cont_diff.csv:105,V,4.3
preh119/preh119cont_diff.csv:106,P,2.6
preh119/preh119cont_diff.csv:122,W,-0.3
preh138MV4/preh138MV4cont_diff.csv:,a.a.seq,cont_all_dif
preh138MV4/preh138MV4cont_diff.csv:27,F,0.539999999999999
preh138MV4/preh138MV4cont_diff.csv:28,M,2.33
preh138MV4/preh138MV4cont_diff.csv:30,S,13.6
preh138MV4/preh138MV4cont_diff.csv:31,S,14.2
preh138MV4/preh138MV4cont_diff.csv:32,Y,2.8
preh138MV4/preh138MV4cont_diff.csv:35,N,-2.8
preh138MV4/preh138MV4cont_diff.csv:52,K,5.8
preh138MV4/preh138MV4cont_diff.csv:56,D,0.700000000000003
preh138MV4/preh138MV4cont_diff.csv:57,G,4.8
preh138MV4/preh138MV4cont_diff.csv:59,T,12.6
preh138MV4/preh138MV4cont_diff.csv:60,T,3.2
preh138MV4/preh138MV4cont_diff.csv:99,T,-0.1
preh138MV4/preh138MV4cont_diff.csv:103,F,5.2
preh138MV4/preh138MV4cont_diff.csv:104,L,10.6
preh138MV4/preh138MV4cont_diff.csv:105,R,8.7
preh138MV4/preh138MV4cont_diff.csv:106,A,2.2
preh138MV4/preh138MV4cont_diff.csv:123,W,-0.5
preh146/preh146cont_diff.csv:,a.a.seq,cont_all_dif
preh146/preh146cont_diff.csv:27,F,0.399999999999999
preh146/preh146cont_diff.csv:28,T,2.14
preh146/preh146cont_diff.csv:30,S,10.3
preh146/preh146cont_diff.csv:31,S,15.9
preh146/preh146cont_diff.csv:32,Y,4.6
preh146/preh146cont_diff.csv:35,S,-4.9
preh146/preh146cont_diff.csv:52,S,3.60000000000001
preh146/preh146cont_diff.csv:54,D,0.600000000000001
preh146/preh146cont_diff.csv:55,G,5.3
preh146/preh146cont_diff.csv:57,N,8.3
preh146/preh146cont_diff.csv:58,K,2.2
preh146/preh146cont_diff.csv:97,A,-0.2
preh146/preh146cont_diff.csv:101,S,4
preh146/preh146cont_diff.csv:102,F,4.59999999999999
preh146/preh146cont_diff.csv:103,V,5.2
preh146/preh146cont_diff.csv:104,V,2
preh146/preh146cont_diff.csv:122,W,-0.5
preh149MU5/preh149MU5cont_diff.csv:,a.a.seq,cont_all_dif
preh149MU5/preh149MU5cont_diff.csv:27,F,-0.0599999999999987
preh149MU5/preh149MU5cont_diff.csv:28,T,0.73
preh149MU5/preh149MU5cont_diff.csv:30,S,7.9
preh149MU5/preh149MU5cont_diff.csv:31,S,12.9
preh149MU5/preh149MU5cont_diff.csv:32,Y,4.7
preh149MU5/preh149MU5cont_diff.csv:35,H,-7.3
preh149MU5/preh149MU5cont_diff.csv:52,S,2.7
preh149MU5/preh149MU5cont_diff.csv:54,D,-1.3
preh149MU5/preh149MU5cont_diff.csv:55,G,3.5
preh149MU5/preh149MU5cont_diff.csv:57,N,7.6
preh149MU5/preh149MU5cont_diff.csv:58,K,2.09999999999999
preh149MU5/preh149MU5cont_diff.csv:101,P,2.60000000000001
preh149MU5/preh149MU5cont_diff.csv:102,N,2.39999999999999
preh149MU5/preh149MU5cont_diff.csv:103,I,5.59999999999999
preh149MU5/preh149MU5cont_diff.csv:104,V,2.5
preh149MU5/preh149MU5cont_diff.csv:121,W,-0.7
preh149MU7/preh149MU7cont_diff.csv:,a.a.seq,cont_all_dif
preh149MU7/preh149MU7cont_diff.csv:27,F,0.599999999999998
preh149MU7/preh149MU7cont_diff.csv:28,T,2
preh149MU7/preh149MU7cont_diff.csv:30,S,12
preh149MU7/preh149MU7cont_diff.csv:31,N,12.5
preh149MU7/preh149MU7cont_diff.csv:32,A,3.7
preh149MU7/preh149MU7cont_diff.csv:35,S,-2.3
preh149MU7/preh149MU7cont_diff.csv:52,K,4.6
preh149MU7/preh149MU7cont_diff.csv:56,D,1.59999999999999
preh149MU7/preh149MU7cont_diff.csv:57,G,4.1
preh149MU7/preh149MU7cont_diff.csv:59,T,8.9
preh149MU7/preh149MU7cont_diff.csv:60,T,2.6
preh149MU7/preh149MU7cont_diff.csv:103,W,3.80000000000001
preh149MU7/preh149MU7cont_diff.csv:104,G,5.90000000000001
preh149MU7/preh149MU7cont_diff.csv:105,I,5.09999999999999
preh149MU7/preh149MU7cont_diff.csv:106,V,2.2
preh149MU7/preh149MU7cont_diff.csv:122,W,-0.4
